"V1","V2"
"S. Tawaratsumida","Koh Hosoda"
"S. Tawaratsumida","Minoru Asada"
"S. Tawaratsumida","Eiji Uchibe"
"S. Tawaratsumida","Shoichi Noda"
"Sukoya Tawaratsumida","Koh Hosoda"
"Sukoya Tawaratsumida","Minoru Asada"
"Sukoya Tawaratsumida","Eiji Uchibe"
"Sukoya Tawaratsumida","Shoichi Noda"
"S. Tawaratsumida","paper_1"
"S. Tawaratsumida","paper_2"
"Sukoya Tawaratsumida","paper_2"
"Sukoya Tawaratsumida","paper_3"
"S. Tawaratsumida","paper_3"
"S. Tawaratsumida","paper_4"
"Sukoya Tawaratsumida","paper_5"
